STIG_ID,Severity,Applicability,Method,Scope,Hive,KeyPath,ValueName,Type,STIG_Expected,ODP_Override,Effective_Expected,RebootRequired,CCI,CMMC_Control,Notes,AuditSubcategoryGuid
WN11-00-000005,CAT II,NA,NA,machine,,,,,,,,N,CCI-000366,CM.L2-3.4.2,Primary=N/A (workgroup),
WN11-00-000010,CAT II,NA,NA,machine,,,,,,,,N,CCI-002421,SC.L2-3.13.16,Primary=N/A (workgroup),
WN11-00-000015,CAT II,APPLIES,manual-bios,machine,,,,,,,,N,CCI-002421,SC.L2-3.13.16,Primary=BIOS/Manual,
WN11-00-000020,CAT II,APPLIES,manual-bios,machine,,,,,,,,N,CCI-002421,SC.L2-3.13.16,Primary=BIOS/Manual,
WN11-00-000030,CAT I,APPLIES,manual-bios,machine,,,,,,,,N,CCI-002475,SC.L2-3.13.16,Primary=Script 07 + BIOS/Manual,
WN11-00-000031,CAT I,APPLIES,manual-bios,machine,,,,,,,,N,CCI-002476,SC.L2-3.13.16,Primary=Script 07 + BIOS/Manual,
WN11-00-000032,CAT II,APPLIES,manual-bios,machine,,,,,,,,N,CCI-000804,SC.L2-3.13.16,Primary=Script 07 + BIOS/Manual,
WN11-00-000035,CAT II,APPLIES,risk-accepted,machine,,,,,,,,N,CCI-001774,SI.L2-3.14.2,Primary=Manual (WDAC/admin) + RA,
WN11-00-000040,CAT I,APPLIES,secpol,machine,,,,,,,,N,CCI-000366,CM.L2-3.4.2,Primary=SCC | SCC-primary; offline manual review,
WN11-00-000045,CAT I,APPLIES,secpol,machine,,,,,,,,N,CCI-000366,SI.L2-3.14.2,Primary=Script 09 + SCC | SCC-primary; offline manual review,
WN11-00-000050,CAT I,APPLIES,secpol,machine,,,,,,,,N,CCI-000213,CM.L2-3.4.2,Primary=SCC | SCC-primary; offline manual review,
WN11-00-000055,CAT II,APPLIES,secpol,machine,,,,,,,,N,CCI-000366,CM.L2-3.4.2,Primary=SCC | SCC-primary; offline manual review,
WN11-00-000060,CAT II,APPLIES,secpol,machine,,,,,,,,N,CCI-001090,CM.L2-3.4.2,Primary=SCC | SCC-primary; offline manual review,
WN11-00-000065,CAT III,APPLIES,check-only,machine,,,,,,,No enabled account inactive > 35 days,N,CCI-000172;CCI-003627;CCI-000795,AC.L2-3.1.10,check-only: Get-LocalUser 열거(35일 미사용 enabled 계정 플래그),
WN11-00-000070,CAT I,APPLIES,check-only,machine,,,,,,,Administrators = priv_ only (no std_/standard users),N,CCI-002165,AC.L2-3.1.1,check-only: Get-LocalGroupMember Administrators 열거,
WN11-00-000075,CAT II,APPLIES,secpol,machine,,,,,,,,N,CCI-000366,AC.L2-3.1.1,Primary=SCC | SCC-primary; offline manual review,
WN11-00-000080,CAT II,APPLIES,secpol,machine,,,,,,,,N,CCI-002165,AC.L2-3.1.1,Primary=SCC | SCC-primary; offline manual review,
WN11-00-000085,CAT III,NA,NA,machine,,,,,,,,N,CCI-000366,AC.L2-3.1.1,Primary=N/A (workgroup),
WN11-00-000090,CAT II,APPLIES,secpol,machine,,,,,,,,N,CCI-004066;CCI-000199,IA.L2-3.5.7,Primary=SCC | SCC-primary; offline manual review,
WN11-00-000095,CAT II,APPLIES,manual,machine,,,,,,,Default NTFS perms (Users/Auth Users <= Read&Execute),N,CCI-002165,AC.L2-3.1.5,manual: 기본 NTFS 권한은 WN11-SO-000160(Let Everyone anonymous=Disabled) 충족 시 적합,
WN11-00-000100,CAT I,APPLIES,secpol,machine,,,,,,,,N,CCI-000381,CM.L2-3.4.2,Primary=SCC | SCC-primary; offline manual review,
WN11-00-000105,CAT II,APPLIES,secpol,machine,,,,,,,,N,CCI-000382,CM.L2-3.4.2,Primary=SCC | SCC-primary; offline manual review,
WN11-00-000110,CAT II,APPLIES,secpol,machine,,,,,,,,N,CCI-000381,CM.L2-3.4.2,Primary=SCC | SCC-primary; offline manual review,
WN11-00-000115,CAT II,APPLIES,secpol,machine,,,,,,,,N,CCI-000382,CM.L2-3.4.2,Primary=SCC | SCC-primary; offline manual review,
WN11-00-000120,CAT II,APPLIES,secpol,machine,,,,,,,,N,CCI-000382,CM.L2-3.4.2,Primary=SCC | SCC-primary; offline manual review,
WN11-00-000125,CAT II,APPLIES,secpol,machine,,,,,,,,N,CCI-000382,AU.L2-3.3.1,Primary=SCC | SCC-primary; offline manual review,
WN11-00-000126,CAT II,APPLIES,registry,machine,HKEY_LOCAL_MACHINE,\SOFTWARE\Policies\Microsoft\MicrosoftAccount,DisableUserAuth,REG_DWORD,1,,1,N,CCI-000381,CM.L2-3.4.2,Primary=SCC,
WN11-00-000130,CAT II,APPLIES,secpol,machine,,,,,,,,N,CCI-000366,SC.L2-3.13.11,Primary=SCC | SCC-primary; offline manual review,
WN11-00-000135,CAT II,APPLIES,secpol,machine,,,,,,,,N,CCI-000366,CM.L2-3.4.2,Primary=SCC | SCC-primary; offline manual review,
WN11-00-000140,CAT II,APPLIES,secpol,machine,,,,,,,,N,CCI-000366,SI.L2-3.14.2,Primary=Script 09 + SCC | SCC-primary; offline manual review,
WN11-00-000150,CAT I,APPLIES,registry,machine,HKEY_LOCAL_MACHINE,\SYSTEM\CurrentControlSet\Control\Session Manager\kernel\,DisableExceptionChainValidation,REG_DWORD,0,,0,N,CCI-002824,CM.L2-3.4.2,Primary=SCC,
WN11-00-000155,CAT II,APPLIES,secpol,machine,,,,,,,,N,CCI-000381,AU.L2-3.3.1,Primary=SCC | SCC-primary; offline manual review,
WN11-00-000160,CAT II,APPLIES,feature,machine,,,SMB1Protocol,OPTIONAL_FEATURE,,,Disabled,N,CCI-000381,SC.L2-3.13.6,feature(scriptable): Disable-WindowsOptionalFeature -Online -FeatureName SMB1Protocol. XCCDF preferred method;,
WN11-00-000165,CAT II,APPLIES,registry,machine,HKEY_LOCAL_MACHINE,\SYSTEM\CurrentControlSet\Services\LanmanServer\Parameters\,SMB1,REG_DWORD,0,,0,N,CCI-000381,SC.L2-3.13.6,Primary=Script 08,
WN11-00-000170,CAT II,APPLIES,registry,machine,HKEY_LOCAL_MACHINE,\SYSTEM\CurrentControlSet\Services\mrxsmb10\,Start,REG_DWORD,4,,4,N,CCI-000381,SC.L2-3.13.6,Primary=Script 08,
WN11-00-000175,CAT II,APPLIES,service,machine,,,seclogon,SERVICE,Disabled,,Disabled,N,CCI-000381,CM.L2-3.4.2,Secondary Logon(seclogon) 서비스,
WN11-00-000190,CAT II,APPLIES,secpol,machine,,,,USER_RIGHT,,,,N,CCI-000366,AC.L2-3.1.5,Primary=SCC | SCC-primary; offline manual review,
WN11-00-000210,CAT II,APPLIES*,registry,machine,HKEY_LOCAL_MACHINE,\SOFTWARE\Microsoft\PolicyManager\current\device\Connectivity\,AllowBluetooth,REG_DWORD,0,,0,N,CCI-000381,AC.L2-3.1.18,Primary=Script 15/16,
WN11-00-000230,CAT II,APPLIES*,covered-elsewhere,machine,,,,,,,covered (no Bluetooth),N,CCI-000366,AC.L2-3.1.18,covered-elsewhere: 무선/블루투스 부재,
WN11-00-000240,CAT I,APPLIES,risk-accepted,machine,,,,,,,,N,CCI-000366,CM.L2-3.4.8,Primary=Manual (WDAC/admin) + RA,
WN11-00-000250,CAT II,NA,NA,machine,,,,,,,,N,CCI-001199,SC.L2-3.13.16,Primary=SCC,
WN11-00-000260,CAT III,APPLIES,secpol,machine,,,,,,,,N,CCI-004923;CCI-001891,CM.L2-3.4.2,Primary=SCC | SCC-primary; offline manual review,
WN11-00-000395,CAT II,APPLIES,secpol,machine,,,,,,,,N,CCI-000381,CM.L2-3.4.2,Primary=SCC | SCC-primary; offline manual review,
WN11-AC-000005,CAT II,APPLIES,secpol,machine,,,,,15,15,15,N,CCI-002238,AC.L2-3.1.8,Primary=Script 01 | ODP: lockout duration 15 min (= STIG),
WN11-AC-000010,CAT II,APPLIES,secpol,machine,,,,,3,,3,N,CCI-000044,AC.L2-3.1.8,Primary=Script 01 | lockout threshold 3 (STIG WN11-AC-000010 / V-253298),
WN11-AC-000015,CAT II,APPLIES,secpol,machine,,,,,15,,15,N,CCI-000044,AC.L2-3.1.8,Primary=Script 01 | reset counter 15 min (STIG WN11-AC-000015 / V-253299),
WN11-AC-000020,CAT II,APPLIES,secpol,machine,,,,,24,24,24,N,CCI-004061,IA.L2-3.5.8,Primary=Script 01 | ODP: history 24 (= STIG),
WN11-AC-000025,CAT II,APPLIES,secpol,machine,,,,,60,0,0,N,CCI-004066;CCI-000199,IA.L2-3.5.12,"Primary=Script 01 | ODP: no expiration (MFA, DoD ODP 03.05.12.e); STIG <=60",
WN11-AC-000030,CAT II,APPLIES,secpol,machine,,,,,1,1,1,N,CCI-004066;CCI-000198,IA.L2-3.5.8,Primary=Script 01 | ODP: min age 1 day (= STIG),
WN11-AC-000035,CAT II,APPLIES,secpol,machine,,,,,14,16,16,N,CCI-004066;CCI-000205,IA.L2-3.5.7,Primary=Script 01 | ODP: min length 16 (>= STIG 14),
WN11-AC-000040,CAT II,APPLIES,secpol,machine,,,,SECPOL,Enabled,,Enabled,N,CCI-004066;CCI-000192,IA.L2-3.5.7,Primary=Script 01,
WN11-AC-000045,CAT I,APPLIES,secpol,machine,,,,SECPOL,Disabled,,Disabled,N,CCI-004062;CCI-000196,IA.L2-3.5.10,Primary=Script 01,
WN11-AU-000005,CAT II,APPLIES,auditpol,machine,,auditpol,Account Logon - Credential Validation,AUDITPOL,Failure,,Failure,N,CCI-000172,AU.L2-3.3.1,Primary=Script 04 + SCC,{0CCE923F-69AE-11D9-BED3-505054503030}
WN11-AU-000010,CAT II,APPLIES,auditpol,machine,,auditpol,Account Logon - Credential Validation,AUDITPOL,Success,,Success,N,CCI-000172,AU.L2-3.3.1,Primary=Script 04 + SCC,{0CCE923F-69AE-11D9-BED3-505054503030}
WN11-AU-000030,CAT II,APPLIES,auditpol,machine,,auditpol,Account Management - Security Group Management,AUDITPOL,Success,,Success,N,CCI-001914,AU.L2-3.3.1,Primary=Script 04 + SCC,{0CCE9237-69AE-11D9-BED3-505054503030}
WN11-AU-000035,CAT II,APPLIES,auditpol,machine,,auditpol,Account Management - User Account Management,AUDITPOL,Failure,,Failure,N,CCI-001314,AU.L2-3.3.1,Primary=Script 04 + SCC,{0CCE9235-69AE-11D9-BED3-505054503030}
WN11-AU-000040,CAT II,APPLIES,auditpol,machine,,auditpol,Account Management - User Account Management,AUDITPOL,Success,,Success,N,CCI-001403,AU.L2-3.3.1,Primary=Script 04 + SCC,{0CCE9235-69AE-11D9-BED3-505054503030}
WN11-AU-000045,CAT II,APPLIES,auditpol,machine,,auditpol,Detailed Tracking - PNP Activity,AUDITPOL,Success,,Success,N,CCI-000172;CCI-003938;CCI-001814,AU.L2-3.3.1,Primary=Script 04 + SCC,{0CCE9248-69AE-11D9-BED3-505054503030}
WN11-AU-000050,CAT II,APPLIES,auditpol,machine,,auditpol,Detailed Tracking - Process Creation,AUDITPOL,Success,,Success,N,CCI-000172;CCI-003938;CCI-001814,AU.L2-3.3.1,Primary=Script 04 + SCC,{0CCE922B-69AE-11D9-BED3-505054503030}
WN11-AU-000054,CAT II,APPLIES,auditpol,machine,,auditpol,Logon/Logoff - Account Lockout,AUDITPOL,Failure,,Failure,N,CCI-000172,AU.L2-3.3.1,Primary=Script 04 + SCC,{0CCE9217-69AE-11D9-BED3-505054503030}
WN11-AU-000060,CAT II,APPLIES,auditpol,machine,,auditpol,Logon/Logoff - Group Membership,AUDITPOL,Success,,Success,N,CCI-000172,AU.L2-3.3.1,Primary=Script 04 + SCC,{0CCE9249-69AE-11D9-BED3-505054503030}
WN11-AU-000065,CAT II,APPLIES,auditpol,machine,,auditpol,Logon/Logoff - Logoff,AUDITPOL,Success,,Success,N,CCI-000067,AU.L2-3.3.1,Primary=Script 04 + SCC,{0CCE9216-69AE-11D9-BED3-505054503030}
WN11-AU-000070,CAT II,APPLIES,auditpol,machine,,auditpol,Logon/Logoff - Logon,AUDITPOL,Failure,,Failure,N,CCI-000172,AU.L2-3.3.1,Primary=Script 04 + SCC,{0CCE9215-69AE-11D9-BED3-505054503030}
WN11-AU-000075,CAT II,APPLIES,auditpol,machine,,auditpol,Logon/Logoff - Logon,AUDITPOL,Success,,Success,N,CCI-000172,AU.L2-3.3.1,Primary=Script 04 + SCC,{0CCE9215-69AE-11D9-BED3-505054503030}
WN11-AU-000080,CAT II,APPLIES,auditpol,machine,,auditpol,Logon/Logoff - Special Logon,AUDITPOL,Success,,Success,N,CCI-000172,AU.L2-3.3.1,Primary=Script 04 + SCC,{0CCE921B-69AE-11D9-BED3-505054503030}
WN11-AU-000081,CAT II,APPLIES,auditpol,machine,,auditpol,Object Access - File Share,AUDITPOL,Failure,,Failure,N,CCI-000172,AU.L2-3.3.1,Primary=Script 04 + SCC,{0CCE9224-69AE-11D9-BED3-505054503030}
WN11-AU-000082,CAT II,APPLIES,auditpol,machine,,auditpol,Object Access - File Share,AUDITPOL,Success,,Success,N,CCI-000172,AU.L2-3.3.1,Primary=Script 04 + SCC,{0CCE9224-69AE-11D9-BED3-505054503030}
WN11-AU-000083,CAT II,APPLIES,auditpol,machine,,auditpol,Object Access - Other Object Access Events,AUDITPOL,Success,,Success,N,CCI-000172,AU.L2-3.3.1,Primary=Script 04 + SCC,{0CCE9227-69AE-11D9-BED3-505054503030}
WN11-AU-000084,CAT II,APPLIES,auditpol,machine,,auditpol,Object Access - Other Object Access Events,AUDITPOL,Failure,,Failure,N,CCI-000172,AU.L2-3.3.1,Primary=Script 04 + SCC,{0CCE9227-69AE-11D9-BED3-505054503030}
WN11-AU-000085,CAT II,APPLIES,auditpol,machine,,auditpol,Object Access - Removable Storage,AUDITPOL,Failure,,Failure,N,CCI-000172,AU.L2-3.3.1,Primary=Script 04 + SCC,{0CCE9245-69AE-11D9-BED3-505054503030}
WN11-AU-000090,CAT II,APPLIES,auditpol,machine,,auditpol,Object Access - Removable Storage,AUDITPOL,Success,,Success,N,CCI-000172,AU.L2-3.3.1,Primary=Script 04 + SCC,{0CCE9245-69AE-11D9-BED3-505054503030}
WN11-AU-000100,CAT II,APPLIES,auditpol,machine,,auditpol,Policy Change - Audit Policy Change,AUDITPOL,Success,,Success,N,CCI-000172,AU.L2-3.3.1,Primary=Script 04 + SCC,{0CCE922F-69AE-11D9-BED3-505054503030}
WN11-AU-000105,CAT II,APPLIES,auditpol,machine,,auditpol,Policy Change - Authentication Policy Change,AUDITPOL,Success,,Success,N,CCI-000172,AU.L2-3.3.1,Primary=Script 04 + SCC,{0CCE9230-69AE-11D9-BED3-505054503030}
WN11-AU-000107,CAT II,APPLIES,auditpol,machine,,auditpol,Policy Change - Authorization Policy Change,AUDITPOL,Success,,Success,N,CCI-000172,AU.L2-3.3.1,Primary=Script 04 + SCC,{0CCE9231-69AE-11D9-BED3-505054503030}
WN11-AU-000110,CAT II,APPLIES,auditpol,machine,,auditpol,Privilege Use - Sensitive Privilege Use,AUDITPOL,Failure,,Failure,N,CCI-002234,AU.L2-3.3.1,Primary=Script 04 + SCC,{0CCE9228-69AE-11D9-BED3-505054503030}
WN11-AU-000115,CAT II,APPLIES,auditpol,machine,,auditpol,Privilege Use - Sensitive Privilege Use,AUDITPOL,Success,,Success,N,CCI-000172,AU.L2-3.3.1,Primary=Script 04 + SCC,{0CCE9228-69AE-11D9-BED3-505054503030}
WN11-AU-000120,CAT II,APPLIES,auditpol,machine,,auditpol,System - IPsec Driver,AUDITPOL,Failure,,Failure,N,CCI-000172,AU.L2-3.3.1,Primary=Script 04 + SCC,{0CCE9213-69AE-11D9-BED3-505054503030}
WN11-AU-000130,CAT II,APPLIES,auditpol,machine,,auditpol,System - Other System Events,AUDITPOL,Success,,Success,N,CCI-000172,AU.L2-3.3.1,Primary=Script 04 + SCC,{0CCE9214-69AE-11D9-BED3-505054503030}
WN11-AU-000135,CAT II,APPLIES,auditpol,machine,,auditpol,System - Other System Events,AUDITPOL,Failure,,Failure,N,CCI-000172,AU.L2-3.3.1,Primary=Script 04 + SCC,{0CCE9214-69AE-11D9-BED3-505054503030}
WN11-AU-000140,CAT II,APPLIES,auditpol,machine,,auditpol,System - Security State Change,AUDITPOL,Success,,Success,N,CCI-000172,AU.L2-3.3.1,Primary=Script 04 + SCC,{0CCE9210-69AE-11D9-BED3-505054503030}
WN11-AU-000150,CAT II,APPLIES,auditpol,machine,,auditpol,System - Security System Extension,AUDITPOL,Success,,Success,N,CCI-000172,AU.L2-3.3.1,Primary=Script 04 + SCC,{0CCE9211-69AE-11D9-BED3-505054503030}
WN11-AU-000155,CAT II,APPLIES,auditpol,machine,,auditpol,System - System Integrity,AUDITPOL,Failure,,Failure,N,CCI-000172,AU.L2-3.3.1,Primary=Script 04 + SCC,{0CCE9212-69AE-11D9-BED3-505054503030}
WN11-AU-000160,CAT II,APPLIES,auditpol,machine,,auditpol,System - System Integrity,AUDITPOL,Success,,Success,N,CCI-000172,AU.L2-3.3.1,Primary=Script 04 + SCC,{0CCE9212-69AE-11D9-BED3-505054503030}
WN11-AU-000500,CAT II,APPLIES,registry,machine,HKEY_LOCAL_MACHINE,\SOFTWARE\Policies\Microsoft\Windows\EventLog\Application\,MaxSize,REG_DWORD,32768,,32768,N,CCI-001849,AU.L2-3.3.1,Application 이벤트로그 MaxSize 32768(0x8000) or greater. XCCDF V2R7 V-253337,
WN11-AU-000505,CAT II,APPLIES,registry,machine,HKEY_LOCAL_MACHINE,\SOFTWARE\Policies\Microsoft\Windows\EventLog\Security\,MaxSize,REG_DWORD,5120000,,5120000,N,CCI-001849,AU.L2-3.3.1,Security 이벤트로그 MaxSize 5120000 or greater,
WN11-AU-000510,CAT II,APPLIES,registry,machine,HKEY_LOCAL_MACHINE,\SOFTWARE\Policies\Microsoft\Windows\EventLog\System\,MaxSize,REG_DWORD,32768,,32768,N,CCI-001849,AU.L2-3.3.1,System 이벤트로그 MaxSize 32768(0x8000) or greater.,
WN11-AU-000515,CAT II,APPLIES,auditpol,machine,,auditpol,,AUDITPOL,,,,N,CCI-000162,AU.L2-3.3.1,Primary=Script 04 + SCC | SCC-primary; offline manual review,
WN11-AU-000520,CAT II,APPLIES,auditpol,machine,,auditpol,,AUDITPOL,,,,N,CCI-000162,AU.L2-3.3.1,Primary=Script 04 + SCC | SCC-primary; offline manual review,
WN11-AU-000525,CAT II,APPLIES,auditpol,machine,,auditpol,,AUDITPOL,,,,N,CCI-000162,AU.L2-3.3.1,Primary=Script 04 + SCC | SCC-primary; offline manual review,
WN11-AU-000555,CAT II,APPLIES,auditpol,machine,,auditpol,Other Policy Change Events,AUDITPOL,Failure,,Failure,N,CCI-000130,AU.L2-3.3.1,Primary=Script 04 + SCC,{0CCE9234-69AE-11D9-BED3-505054503030}
WN11-AU-000560,CAT II,APPLIES,auditpol,machine,,auditpol,other Logon/Logoff Events,AUDITPOL,Success,,Success,N,CCI-000130,AU.L2-3.3.1,Primary=Script 04 + SCC,{0CCE921C-69AE-11D9-BED3-505054503030}
WN11-AU-000565,CAT II,APPLIES,auditpol,machine,,auditpol,other Logon/Logoff Events,AUDITPOL,Failure,,Failure,N,CCI-000130,AU.L2-3.3.1,Primary=Script 04 + SCC,{0CCE921C-69AE-11D9-BED3-505054503030}
WN11-AU-000570,CAT II,APPLIES,auditpol,machine,,auditpol,Detailed File Share,AUDITPOL,Failure,,Failure,N,CCI-000130,AU.L2-3.3.1,Primary=Script 04 + SCC,{0CCE9244-69AE-11D9-BED3-505054503030}
WN11-AU-000575,CAT II,APPLIES,auditpol,machine,,auditpol,MPSSVC Rule-Level Policy Change,AUDITPOL,Success,,Success,N,CCI-000130,AU.L2-3.3.1,Primary=Script 04 + SCC,{0CCE9232-69AE-11D9-BED3-505054503030}
WN11-AU-000580,CAT II,APPLIES,auditpol,machine,,auditpol,MPSSVC Rule-Level Policy Change,AUDITPOL,Failure,,Failure,N,CCI-000130,AU.L2-3.3.1,Primary=Script 04 + SCC,{0CCE9232-69AE-11D9-BED3-505054503030}
WN11-AU-000581,CAT II,APPLIES,auditpol,machine,,auditpol,file system,AUDITPOL,Failure,,Failure,N,CCI-000172,AU.L2-3.3.1,Primary=Script 04 + SCC,{0CCE921D-69AE-11D9-BED3-505054503030}
WN11-AU-000582,CAT II,APPLIES,auditpol,machine,,auditpol,file system,AUDITPOL,Success,,Success,N,CCI-000172,AU.L2-3.3.1,Primary=Script 04 + SCC,{0CCE921D-69AE-11D9-BED3-505054503030}
WN11-AU-000583,CAT II,APPLIES,auditpol,machine,,auditpol,handle manipulation,AUDITPOL,Failure,,Failure,N,CCI-000172,AU.L2-3.3.1,Primary=Script 04 + SCC,{0CCE9223-69AE-11D9-BED3-505054503030}
WN11-AU-000584,CAT II,APPLIES,auditpol,machine,,auditpol,handle manipulation,AUDITPOL,Success,,Success,N,CCI-000172,AU.L2-3.3.1,Primary=Script 04 + SCC,{0CCE9223-69AE-11D9-BED3-505054503030}
WN11-AU-000585,CAT II,APPLIES,auditpol,machine,,auditpol,Detailed Tracking - Process Creation,AUDITPOL,Failure,,Failure,N,CCI-002234,AU.L2-3.3.1,Primary=Script 04 + SCC | XCCDF V-257770 Audit Process Creation=Failure,{0CCE922B-69AE-11D9-BED3-505054503030}
WN11-AU-000586,CAT II,APPLIES,auditpol,machine,,auditpol,registry,AUDITPOL,Success,,Success,N,CCI-000172,AU.L2-3.3.1,Primary=Script 04 + SCC,{0CCE921E-69AE-11D9-BED3-505054503030}
WN11-AU-000587,CAT II,APPLIES,auditpol,machine,,auditpol,sensitive privilege use,AUDITPOL,Success,,Success,N,CCI-000172,AU.L2-3.3.1,Primary=Script 04 + SCC,{0CCE9228-69AE-11D9-BED3-505054503030}
WN11-AU-000588,CAT II,APPLIES,auditpol,machine,,auditpol,sensitive privilege use,AUDITPOL,Failure,,Failure,N,CCI-000172,AU.L2-3.3.1,Primary=Script 04 + SCC,{0CCE9228-69AE-11D9-BED3-505054503030}
WN11-AU-000589,CAT II,APPLIES,auditpol,machine,,auditpol,registry,AUDITPOL,Failure,,Failure,N,CCI-000172,AU.L2-3.3.1,Primary=Script 04 + SCC,{0CCE921E-69AE-11D9-BED3-505054503030}
WN11-CC-000005,CAT II,APPLIES*,registry,machine,HKEY_LOCAL_MACHINE,\SOFTWARE\Policies\Microsoft\Windows\Personalization\,NoLockScreenCamera,REG_DWORD,1,,1,N,CCI-000381,AC.L2-3.1.10,Primary=SCC,
WN11-CC-000007,CAT II,APPLIES*,manual-bios,machine,,,,,,,,N,CCI-000381,CM.L2-3.4.2,Primary=BIOS/Manual,
WN11-CC-000010,CAT II,APPLIES,registry,machine,HKEY_LOCAL_MACHINE,\SOFTWARE\Policies\Microsoft\Windows\Personalization\,NoLockScreenSlideshow,REG_DWORD,1,,1,N,CCI-000381,AC.L2-3.1.10,Primary=SCC,
WN11-CC-000020,CAT II,APPLIES,registry,machine,HKEY_LOCAL_MACHINE,\SYSTEM\CurrentControlSet\Services\Tcpip6\Parameters\,DisableIpSourceRouting,REG_DWORD,2,,2,N,CCI-000366,CM.L2-3.4.2,Primary=SCC,
WN11-CC-000025,CAT II,APPLIES,registry,machine,HKEY_LOCAL_MACHINE,\SYSTEM\CurrentControlSet\Services\Tcpip\Parameters\,DisableIPSourceRouting,REG_DWORD,2,,2,N,CCI-000366,CM.L2-3.4.2,Primary=SCC,
WN11-CC-000030,CAT III,APPLIES,registry,machine,HKEY_LOCAL_MACHINE,\SYSTEM\CurrentControlSet\Services\Tcpip\Parameters\,EnableICMPRedirect,REG_DWORD,0,,0,N,CCI-000366,CM.L2-3.4.2,Primary=SCC,
WN11-CC-000035,CAT III,APPLIES,registry,machine,HKEY_LOCAL_MACHINE,\SYSTEM\CurrentControlSet\Services\Netbt\Parameters\,NoNameReleaseOnDemand,REG_DWORD,1,,1,N,CCI-002385,CM.L2-3.4.2,Primary=SCC,
WN11-CC-000037,CAT II,NA,NA,machine,,,,,,,,N,CCI-001084,AC.L2-3.1.1,Primary=N/A (workgroup),
WN11-CC-000038,CAT II,APPLIES,registry,machine,HKEY_LOCAL_MACHINE,\SYSTEM\CurrentControlSet\Control\SecurityProviders\Wdigest\,UseLogonCredential,REG_DWORD,0,,0,N,CCI-000381,CM.L2-3.4.2,Primary=SCC,
WN11-CC-000039,CAT II,APPLIES,registry,machine,HKEY_LOCAL_MACHINE,\SOFTWARE\Classes\batfile\shell\runasuser\|\SOFTWARE\Classes\cmdfile\shell\runasuser\|\SOFTWARE\Classes\exefile\shell\runasuser\|\SOFTWARE\Classes\mscfile\shell\runasuser\,SuppressionPolicy,REG_DWORD,4096,,4096,N,CCI-000381,CM.L2-3.4.2,Run as different user 제거,
WN11-CC-000040,CAT II,APPLIES,registry,machine,HKEY_LOCAL_MACHINE,\SOFTWARE\Policies\Microsoft\Windows\LanmanWorkstation\,AllowInsecureGuestAuth,REG_DWORD,0,,0,N,CCI-000366,SC.L2-3.13.6,Primary=SCC,
WN11-CC-000044,CAT II,APPLIES,registry,machine,HKEY_LOCAL_MACHINE,\SOFTWARE\Policies\Microsoft\Windows\Network Connections\,NC_ShowSharedAccessUI,REG_DWORD,0,,0,N,CCI-000381,CM.L2-3.4.2,Primary=SCC,
WN11-CC-000050,CAT II,NA,NA,machine,,,,,,,,N,CCI-000366,CM.L2-3.4.2,Primary=N/A (workgroup),
WN11-CC-000052,CAT II,APPLIES,registry,machine,HKEY_LOCAL_MACHINE,\SOFTWARE\Policies\Microsoft\Cryptography\Configuration\SSL\00010002\,EccCurves,REG_MULTI_SZ,NistP384 NistP256,,NistP384 NistP256,N,CCI-000803,SC.L2-3.13.11,ECC Curve 우선순위,
WN11-CC-000055,CAT II,APPLIES,registry,machine,HKEY_LOCAL_MACHINE,\SOFTWARE\Policies\Microsoft\Windows\WcmSvc\GroupPolicy\,fMinimizeConnections,REG_DWORD,3,,3,N,CCI-002418,CM.L2-3.4.2,Primary=SCC,
WN11-CC-000060,CAT II,APPLIES,registry,machine,HKEY_LOCAL_MACHINE,\SOFTWARE\Policies\Microsoft\Windows\WcmSvc\GroupPolicy\,fBlockNonDomain,REG_DWORD,1,,1,N,CCI-000366,CM.L2-3.4.2,Primary=SCC,
WN11-CC-000063,CAT II,NA,NA,machine,,,,,,,,N,CCI-000366,AU.L2-3.3.1,Primary=N/A (workgroup),
WN11-CC-000065,CAT II,APPLIES,registry,machine,HKEY_LOCAL_MACHINE,\SOFTWARE\Microsoft\WcmSvc\wifinetworkmanager\config\,AutoConnectAllowedOEM,REG_DWORD,0,,0,N,CCI-000366,AC.L2-3.1.16,Primary=Script 15/16,
WN11-CC-000066,CAT II,APPLIES,registry,machine,HKEY_LOCAL_MACHINE,\SOFTWARE\Microsoft\Windows\CurrentVersion\Policies\System\Audit\,ProcessCreationIncludeCmdLine_Enabled,REG_DWORD,1,,1,N,CCI-000135,AU.L2-3.3.1,Primary=SCC,
WN11-CC-000068,CAT II,APPLIES,registry,machine,HKEY_LOCAL_MACHINE,\SOFTWARE\Policies\Microsoft\Windows\CredentialsDelegation\,AllowProtectedCreds,REG_DWORD,1,,1,N,CCI-000366,CM.L2-3.4.2,Primary=SCC,
WN11-CC-000070,CAT II,APPLIES,registry,machine,HKEY_LOCAL_MACHINE,\SOFTWARE\Policies\Microsoft\Windows\DeviceGuard\,EnableVirtualizationBasedSecurity,REG_DWORD,1,,1,Y,CCI-000366,AU.L2-3.3.1,VBS 사용,
WN11-CC-000075,CAT I,APPLIES,manual-bios,machine,,,,,,,,N,CCI-000366,AU.L2-3.3.1,Primary=BIOS/Manual,
WN11-CC-000080,CAT II,APPLIES,registry,machine,HKEY_LOCAL_MACHINE,\SOFTWARE\Policies\Microsoft\Windows\DeviceGuard\,HypervisorEnforcedCodeIntegrity,REG_DWORD,1,,1,Y,CCI-000366,AU.L2-3.3.1,HVCI(가상화 기반 코드무결성) 사용=1(UEFI lock; lock 없이는 2),
WN11-CC-000085,CAT II,APPLIES,registry,machine,HKEY_LOCAL_MACHINE,\SYSTEM\CurrentControlSet\Policies\EarlyLaunch\,DriverLoadPolicy,REG_DWORD,1,,1,N,CCI-000366,SI.L2-3.14.2,Primary=Script 09 + SCC,
WN11-CC-000090,CAT II,APPLIES,registry,machine,HKEY_LOCAL_MACHINE,\SOFTWARE\Policies\Microsoft\Windows\Group Policy\{35378EAC-683F-11D2-A89A-00C04FBBCFA2},NoGPOListChanges,REG_DWORD,0,,0,N,CCI-000366,CM.L2-3.4.2,Primary=SCC,
WN11-CC-000100,CAT II,APPLIES,registry,machine,HKEY_LOCAL_MACHINE,\SOFTWARE\Policies\Microsoft\Windows NT\Printers\,DisableWebPnPDownload,REG_DWORD,1,,1,N,CCI-000381,CM.L2-3.4.2,Primary=SCC,
WN11-CC-000105,CAT II,APPLIES,registry,machine,HKEY_LOCAL_MACHINE,\SOFTWARE\Microsoft\Windows\CurrentVersion\Policies\Explorer\,NoWebServices,REG_DWORD,1,,1,N,CCI-000381,CM.L2-3.4.2,Primary=SCC,
WN11-CC-000110,CAT II,APPLIES,registry,machine,HKEY_LOCAL_MACHINE,\SOFTWARE\Policies\Microsoft\Windows NT\Printers\,DisableHTTPPrinting,REG_DWORD,1,,1,N,CCI-000381,CM.L2-3.4.2,Primary=SCC,
WN11-CC-000115,CAT II,NA,NA,machine,,,,,,,,N,CCI-000366,SC.L2-3.13.11,Primary=N/A (workgroup),
WN11-CC-000120,CAT II,APPLIES,registry,machine,HKEY_LOCAL_MACHINE,\SOFTWARE\Policies\Microsoft\Windows\System\,DontDisplayNetworkSelectionUI,REG_DWORD,1,,1,N,CCI-000381,CM.L2-3.4.2,Primary=SCC,
WN11-CC-000130,CAT II,NA,NA,machine,,,,,,,,N,CCI-000381,AC.L2-3.1.1,Primary=N/A (workgroup),
WN11-CC-000145,CAT II,APPLIES,registry,machine,HKEY_LOCAL_MACHINE,\SOFTWARE\Policies\Microsoft\Power\PowerSettings\0e796bdb-100d-47d6-a2d5-f7d2daa51f51\,DCSettingIndex,REG_DWORD,1,,1,N,CCI-002038,IA.L2-3.5.7,Primary=SCC,
WN11-CC-000150,CAT II,APPLIES,registry,machine,HKEY_LOCAL_MACHINE,\SOFTWARE\Policies\Microsoft\Power\PowerSettings\0e796bdb-100d-47d6-a2d5-f7d2daa51f51\,ACSettingIndex,REG_DWORD,1,,1,N,CCI-002038,IA.L2-3.5.7,Primary=SCC,
WN11-CC-000155,CAT I,APPLIES,registry,machine,HKEY_LOCAL_MACHINE,\SOFTWARE\Policies\Microsoft\Windows NT\Terminal Services\,fAllowToGetHelp,REG_DWORD,0,,0,N,CCI-001090,CM.L2-3.4.2,Primary=SCC,
WN11-CC-000165,CAT II,APPLIES,registry,machine,HKEY_LOCAL_MACHINE,\SOFTWARE\Policies\Microsoft\Windows NT\Rpc\,RestrictRemoteClients,REG_DWORD,1,,1,N,CCI-001967,CM.L2-3.4.2,Primary=SCC,
WN11-CC-000170,CAT III,APPLIES,registry,machine,HKEY_LOCAL_MACHINE,\SOFTWARE\Microsoft\Windows\CurrentVersion\Policies\System\,MSAOptional,REG_DWORD,1,,1,N,CCI-000366,CM.L2-3.4.2,Primary=SCC,
WN11-CC-000175,CAT III,APPLIES,registry,machine,HKEY_LOCAL_MACHINE,\SOFTWARE\Policies\Microsoft\Windows\AppCompat\,DisableInventory,REG_DWORD,1,,1,N,CCI-000381,CM.L2-3.4.2,Primary=SCC,
WN11-CC-000180,CAT I,APPLIES,registry,machine,HKEY_LOCAL_MACHINE,\SOFTWARE\Policies\Microsoft\Windows\Explorer\,NoAutoplayfornonVolume,REG_DWORD,1,,1,N,CCI-001764,MP.L2-3.8.7,Primary=Script 15/16,
WN11-CC-000185,CAT I,APPLIES,registry,machine,HKEY_LOCAL_MACHINE,\SOFTWARE\Microsoft\Windows\CurrentVersion\Policies\Explorer\,NoAutorun,REG_DWORD,1,,1,N,CCI-001764,MP.L2-3.8.7,Primary=Script 15/16,
WN11-CC-000190,CAT I,APPLIES,registry,machine,HKEY_LOCAL_MACHINE,\SOFTWARE\Microsoft\Windows\CurrentVersion\policies\Explorer\,NoDriveTypeAutoRun,REG_DWORD,255,,255,N,CCI-001764,MP.L2-3.8.7,Primary=Script 15/16,
WN11-CC-000195,CAT II,APPLIES,registry,machine,HKEY_LOCAL_MACHINE,\SOFTWARE\Policies\Microsoft\Biometrics\FacialFeatures\,EnhancedAntiSpoofing,REG_DWORD,1,,1,N,CCI-000366,CM.L2-3.4.2,Primary=SCC,
WN11-CC-000197,CAT III,APPLIES,registry,machine,HKEY_LOCAL_MACHINE,\SOFTWARE\Policies\Microsoft\Windows\CloudContent\,DisableWindowsConsumerFeatures,REG_DWORD,1,,1,N,CCI-000381,CM.L2-3.4.2,Primary=SCC,
WN11-CC-000200,CAT II,APPLIES,registry,machine,HKEY_LOCAL_MACHINE,\SOFTWARE\Microsoft\Windows\CurrentVersion\Policies\CredUI\,EnumerateAdministrators,REG_DWORD,0,,0,N,CCI-001084,AC.L2-3.1.5,Primary=Script 15/16,
WN11-CC-000204,CAT II,APPLIES,registry,machine,HKEY_LOCAL_MACHINE,\SOFTWARE\Policies\Microsoft\Windows\DataCollection\,LimitEnhancedDiagnosticDataWindowsAnalytics,REG_DWORD,1,,1,N,CCI-000366,SI.L2-3.14.1,Primary=SCC,
WN11-CC-000205,CAT II,APPLIES,registry,machine,HKEY_LOCAL_MACHINE,\SOFTWARE\Policies\Microsoft\Windows\DataCollection\,AllowTelemetry,REG_DWORD,0,,0,N,CCI-001312,SI.L2-3.14.1,Primary=SCC,
WN11-CC-000206,CAT III,APPLIES,registry,machine,HKEY_LOCAL_MACHINE,\SOFTWARE\Policies\Microsoft\Windows\DeliveryOptimization\,DODownloadMode,REG_DWORD,0,,0,N,CCI-000366,SI.L2-3.14.1,Primary=SCC,
WN11-CC-000210,CAT II,APPLIES,registry,machine,HKEY_LOCAL_MACHINE,\SOFTWARE\Policies\Microsoft\Windows\System\,EnableSmartScreen,REG_DWORD,1,,1,N,CCI-000381,SI.L2-3.14.2,Primary=Script 09 + SCC,
WN11-CC-000215,CAT II,APPLIES,registry,machine,HKEY_LOCAL_MACHINE,\SOFTWARE\Policies\Microsoft\Windows\Explorer\,NoDataExecutionPrevention,REG_DWORD,0,,0,N,CCI-002824,CM.L2-3.4.2,Primary=SCC,
WN11-CC-000220,CAT III,APPLIES,registry,machine,HKEY_LOCAL_MACHINE,\SOFTWARE\Policies\Microsoft\Windows\Explorer\,NoHeapTerminationOnCorruption,REG_DWORD,0,,0,N,CCI-002385,CM.L2-3.4.2,Primary=SCC,
WN11-CC-000225,CAT II,APPLIES,registry,machine,HKEY_LOCAL_MACHINE,\SOFTWARE\Microsoft\Windows\CurrentVersion\Policies\Explorer\,PreXPSP2ShellProtocolBehavior,REG_DWORD,0,,0,N,CCI-000366,CM.L2-3.4.2,Primary=SCC,
WN11-CC-000252,CAT II,APPLIES,registry,machine,HKEY_LOCAL_MACHINE,\SOFTWARE\Policies\Microsoft\Windows\GameDVR\,AllowGameDVR,REG_DWORD,0,,0,N,CCI-000381,CM.L2-3.4.2,Primary=SCC,
WN11-CC-000255,CAT II,APPLIES,registry,machine,HKEY_LOCAL_MACHINE,\SOFTWARE\Policies\Microsoft\PassportForWork\,RequireSecurityDevice,REG_DWORD,1,,1,N,CCI-000366,CM.L2-3.4.2,Primary=SCC,
WN11-CC-000260,CAT II,APPLIES,registry,machine,HKEY_LOCAL_MACHINE,\SOFTWARE\Policies\Microsoft\PassportForWork\PINComplexity\,MinimumPINLength,REG_DWORD,6,,6,N,CCI-000366,CM.L2-3.4.2,or greater | Primary=SCC,
WN11-CC-000270,CAT II,APPLIES,registry,machine,HKEY_LOCAL_MACHINE,\SOFTWARE\Policies\Microsoft\Windows NT\Terminal Services\,DisablePasswordSaving,REG_DWORD,1,,1,N,CCI-002038,AC.L2-3.1.12,Primary=Script 15/16,
WN11-CC-000275,CAT II,APPLIES,registry,machine,HKEY_LOCAL_MACHINE,\SOFTWARE\Policies\Microsoft\Windows NT\Terminal Services\,fDisableCdm,REG_DWORD,1,,1,N,CCI-001090,AC.L2-3.1.12,Primary=Script 15/16,
WN11-CC-000280,CAT II,APPLIES,registry,machine,HKEY_LOCAL_MACHINE,\SOFTWARE\Policies\Microsoft\Windows NT\Terminal Services\,fPromptForPassword,REG_DWORD,1,,1,N,CCI-002038,AC.L2-3.1.12,Primary=Script 15/16,
WN11-CC-000285,CAT II,APPLIES,registry,machine,HKEY_LOCAL_MACHINE,\SOFTWARE\Policies\Microsoft\Windows NT\Terminal Services\,fEncryptRPCTraffic,REG_DWORD,1,,1,N,CCI-001453,AC.L2-3.1.12,Primary=Script 15/16,
WN11-CC-000290,CAT II,APPLIES,registry,machine,HKEY_LOCAL_MACHINE,\SOFTWARE\Policies\Microsoft\Windows NT\Terminal Services\,MinEncryptionLevel,REG_DWORD,3,,3,N,CCI-000068,AC.L2-3.1.13,Primary=Script 15/16,
WN11-CC-000295,CAT II,APPLIES,registry,machine,HKEY_LOCAL_MACHINE,\SOFTWARE\Policies\Microsoft\Internet Explorer\Feeds\,DisableEnclosureDownload,REG_DWORD,1,,1,N,CCI-000366,CM.L2-3.4.2,Primary=SCC,
WN11-CC-000300,CAT II,APPLIES,registry,machine,HKEY_LOCAL_MACHINE,\SOFTWARE\Policies\Microsoft\Internet Explorer\Feeds\,AllowBasicAuthInClear,REG_DWORD,0,,0,N,CCI-000381,CM.L2-3.4.2,Primary=SCC,
WN11-CC-000305,CAT II,APPLIES,registry,machine,HKEY_LOCAL_MACHINE,\SOFTWARE\Policies\Microsoft\Windows\Windows Search\,AllowIndexingEncryptedStoresOrItems,REG_DWORD,0,,0,N,CCI-000381,CM.L2-3.4.2,Primary=SCC,
WN11-CC-000310,CAT II,APPLIES,registry,machine,HKEY_LOCAL_MACHINE,\SOFTWARE\Policies\Microsoft\Windows\Installer\,EnableUserControl,REG_DWORD,0,,0,N,CCI-003980;CCI-001812,CM.L2-3.4.2,Primary=SCC,
WN11-CC-000315,CAT I,APPLIES,registry,machine,HKEY_LOCAL_MACHINE,\SOFTWARE\Policies\Microsoft\Windows\Installer\,AlwaysInstallElevated,REG_DWORD,0,,0,N,CCI-003980;CCI-001812,CM.L2-3.4.2,Primary=SCC,
WN11-CC-000320,CAT II,APPLIES,registry,machine,HKEY_LOCAL_MACHINE,\SOFTWARE\Policies\Microsoft\Windows\Installer\,SafeForScripting,REG_DWORD,0,,0,N,CCI-000366,CM.L2-3.4.2,Primary=SCC,
WN11-CC-000325,CAT II,APPLIES,registry,machine,HKEY_LOCAL_MACHINE,\SOFTWARE\Microsoft\Windows\CurrentVersion\Policies\System\,DisableAutomaticRestartSignOn,REG_DWORD,1,,1,N,CCI-000366,CM.L2-3.4.2,Primary=SCC,
WN11-CC-000326,CAT II,APPLIES,registry,machine,HKEY_LOCAL_MACHINE,\SOFTWARE\Policies\Microsoft\Windows\PowerShell\ScriptBlockLogging\,EnableScriptBlockLogging,REG_DWORD,1,,1,N,CCI-000135,AU.L2-3.3.1,Primary=SCC,
WN11-CC-000327,CAT II,APPLIES,registry,machine,HKEY_LOCAL_MACHINE,\SOFTWARE\Policies\Microsoft\Windows\PowerShell\Transcription\,EnableTranscripting,REG_DWORD,1,,1,N,CCI-000134,AU.L2-3.3.1,Primary=SCC,
WN11-CC-000330,CAT I,APPLIES,registry,machine,HKEY_LOCAL_MACHINE,\SOFTWARE\Policies\Microsoft\Windows\WinRM\Client\,AllowBasic,REG_DWORD,0,,0,N,CCI-000877,CM.L2-3.4.2,Primary=SCC,
WN11-CC-000335,CAT II,APPLIES,registry,machine,HKEY_LOCAL_MACHINE,\SOFTWARE\Policies\Microsoft\Windows\WinRM\Client\,AllowUnencryptedTraffic,REG_DWORD,0,,0,N,CCI-002890,CM.L2-3.4.2,Primary=SCC,
WN11-CC-000345,CAT I,APPLIES,registry,machine,HKEY_LOCAL_MACHINE,\SOFTWARE\Policies\Microsoft\Windows\WinRM\Service\,AllowBasic,REG_DWORD,0,,0,N,CCI-000877,CM.L2-3.4.2,Primary=SCC,
WN11-CC-000350,CAT II,APPLIES,registry,machine,HKEY_LOCAL_MACHINE,\SOFTWARE\Policies\Microsoft\Windows\WinRM\Service\,AllowUnencryptedTraffic,REG_DWORD,0,,0,N,CCI-003123,CM.L2-3.4.2,Primary=SCC,
WN11-CC-000355,CAT II,APPLIES,registry,machine,HKEY_LOCAL_MACHINE,\SOFTWARE\Policies\Microsoft\Windows\WinRM\Service\,DisableRunAs,REG_DWORD,1,,1,N,CCI-002038,CM.L2-3.4.2,Primary=SCC,
WN11-CC-000360,CAT II,APPLIES,registry,machine,HKEY_LOCAL_MACHINE,\SOFTWARE\Policies\Microsoft\Windows\WinRM\Client\,AllowDigest,REG_DWORD,0,,0,N,CCI-000877,CM.L2-3.4.2,Primary=SCC,
WN11-CC-000365,CAT II,APPLIES,registry,machine,HKEY_LOCAL_MACHINE,\SOFTWARE\Policies\Microsoft\Windows\AppPrivacy\,LetAppsActivateWithVoiceAboveLock,REG_DWORD,2,,2,N,CCI-000056,CM.L2-3.4.2,Primary=SCC,
WN11-CC-000370,CAT II,APPLIES,registry,machine,HKEY_LOCAL_MACHINE,\Software\Policies\Microsoft\Windows\System,AllowDomainPINLogon,REG_DWORD,0,,0,N,CCI-000381,CM.L2-3.4.2,Primary=Script 16 (registry) | XCCDF WN11-CC-000370 AllowDomainPINLogon=0,
WN11-CC-000385,CAT II,APPLIES,registry,machine,HKEY_LOCAL_MACHINE,\Software\Policies\Microsoft\WindowsInkWorkspace,AllowWindowsInkWorkspace,REG_DWORD,1,,1,N,CCI-000060,CM.L2-3.4.2,Primary=Script 16 (registry) | XCCDF WN11-CC-000385 AllowWindowsInkWorkspace=1,
WN11-CC-000390,CAT III,APPLIES,registry,user,HKEY_CURRENT_USER,\SOFTWARE\Policies\Microsoft\Windows\CloudContent\,DisableThirdPartySuggestions,REG_DWORD,1,,1,N,CCI-000381,CM.L2-3.4.2,Primary=SCC,
WN11-CC-000391,CAT II,APPLIES,secpol,machine,,,,,,,,N,CCI-000366,CM.L2-3.4.2,Primary=SCC | SCC-primary; offline manual review,
WN11-EP-000310,CAT II,APPLIES,registry,machine,HKEY_LOCAL_MACHINE,\Software\Policies\Microsoft\Windows\Kernel DMA Protection,DeviceEnumerationPolicy,REG_DWORD,0,,0,N,CCI-000172,CM.L2-3.4.2,Primary=SCC,
WN11-PK-000005,CAT II,APPLIES,secpol,machine,,,,,,,,N,CCI-000185,SC.L2-3.13.11,Primary=SCC | SCC-primary; offline manual review,
WN11-PK-000010,CAT II,APPLIES,secpol,machine,,,,,,,,N,CCI-000185,SC.L2-3.13.11,Primary=SCC | SCC-primary; offline manual review,
WN11-PK-000015,CAT II,APPLIES,secpol,machine,,,,,,,,N,CCI-002470,SC.L2-3.13.11,Primary=SCC | SCC-primary; offline manual review,
WN11-PK-000020,CAT II,APPLIES,secpol,machine,,,,,,,,N,CCI-002470,SC.L2-3.13.11,Primary=SCC | SCC-primary; offline manual review,
WN11-RG-000005,CAT II,APPLIES,secpol,machine,,,,,,,,N,CCI-002235,CM.L2-3.4.2,Primary=SCC | SCC-primary; offline manual review,
WN11-SO-000010,CAT II,APPLIES,secpol,machine,,,,ACCOUNT,Disabled,,Disabled,N,CCI-000804,AC.L2-3.1.1,Primary=Script 18 + Manual/secpol,
WN11-SO-000015,CAT II,APPLIES,registry,machine,HKEY_LOCAL_MACHINE,\SYSTEM\CurrentControlSet\Control\Lsa\,LimitBlankPasswordUse,REG_DWORD,1,,1,N,CCI-000366,IA.L2-3.5.7,Primary=SCC,
WN11-SO-000020,CAT II,APPLIES,secpol,machine,,,,ACCOUNT,Renamed-not-Administrator,,Renamed-not-Administrator,N,CCI-000366,AC.L2-3.1.1,Primary=Script 18 + Manual/secpol,
WN11-SO-000025,CAT II,APPLIES,secpol,machine,,,,ACCOUNT,Renamed-not-Guest,,Renamed-not-Guest,N,CCI-000366,AC.L2-3.1.1,Primary=Script 18 + Manual/secpol,
WN11-SO-000030,CAT II,APPLIES,registry,machine,HKEY_LOCAL_MACHINE,\SYSTEM\CurrentControlSet\Control\Lsa\,SCENoApplyLegacyAuditPolicy,REG_DWORD,1,,1,N,CCI-000169,AU.L2-3.3.1,Primary=SCC,
WN11-SO-000035,CAT II,APPLIES,registry,machine,HKEY_LOCAL_MACHINE,\SYSTEM\CurrentControlSet\Services\Netlogon\Parameters\,RequireSignOrSeal,REG_DWORD,1,,1,N,CCI-002418;CCI-002421,CM.L2-3.4.2,Primary=SCC,
WN11-SO-000040,CAT II,APPLIES,registry,machine,HKEY_LOCAL_MACHINE,\SYSTEM\CurrentControlSet\Services\Netlogon\Parameters\,SealSecureChannel,REG_DWORD,1,,1,N,CCI-002418;CCI-002421,CM.L2-3.4.2,Primary=SCC,
WN11-SO-000045,CAT II,APPLIES,registry,machine,HKEY_LOCAL_MACHINE,\SYSTEM\CurrentControlSet\Services\Netlogon\Parameters\,SignSecureChannel,REG_DWORD,1,,1,N,CCI-002418;CCI-002421,CM.L2-3.4.2,Primary=SCC,
WN11-SO-000050,CAT III,APPLIES,registry,machine,HKEY_LOCAL_MACHINE,\SYSTEM\CurrentControlSet\Services\Netlogon\Parameters\,DisablePasswordChange,REG_DWORD,0,,0,N,CCI-000366,IA.L2-3.5.7,Primary=SCC,
WN11-SO-000055,CAT III,APPLIES,registry,machine,HKEY_LOCAL_MACHINE,\SYSTEM\CurrentControlSet\Services\Netlogon\Parameters\,MaximumPasswordAge,REG_DWORD,30,,30,N,CCI-000366,IA.L2-3.5.7,or less | Primary=SCC,
WN11-SO-000060,CAT II,APPLIES,registry,machine,HKEY_LOCAL_MACHINE,\SYSTEM\CurrentControlSet\Services\Netlogon\Parameters\,RequireStrongKey,REG_DWORD,1,,1,N,CCI-002418,CM.L2-3.4.2,Primary=SCC,
WN11-SO-000070,CAT II,APPLIES,registry,machine,HKEY_LOCAL_MACHINE,\SOFTWARE\Microsoft\Windows\CurrentVersion\Policies\System\,InactivityTimeoutSecs,REG_DWORD,900,,900,N,CCI-001133;CCI-002361,AC.L2-3.1.10,or less | Primary=Script 02,
WN11-SO-000075,CAT II,APPLIES,covered-elsewhere,machine,HKEY_LOCAL_MACHINE,\SOFTWARE\Microsoft\Windows\CurrentVersion\Policies\System\,LegalNoticeText,REG_SZ,관리 위임: 05_LogonBanner,,관리 위임: 05_LogonBanner,N,CCI-000044;CCI-000048;CCI-000050,AC.L2-3.1.9,covered-elsewhere: 배너 본문,
WN11-SO-000080,CAT III,APPLIES,covered-elsewhere,machine,HKEY_LOCAL_MACHINE,\SOFTWARE\Microsoft\Windows\CurrentVersion\Policies\System\,LegalNoticeCaption,REG_SZ,관리 위임: 05_LogonBanner,,관리 위임: 05_LogonBanner,N,CCI-000048;CCI-001384;CCI-001385;CCI-001386;CCI-001387;CCI-001388,AC.L2-3.1.9,covered-elsewhere: 배너 제목,
WN11-SO-000085,CAT III,APPLIES,registry,machine,HKEY_LOCAL_MACHINE,\SOFTWARE\Microsoft\Windows NT\CurrentVersion\Winlogon\,CachedLogonsCount,REG_SZ,10,,10,N,CCI-000366,CM.L2-3.4.2,or less | Primary=SCC,
WN11-SO-000095,CAT II,APPLIES,registry,machine,HKEY_LOCAL_MACHINE,\SOFTWARE\Microsoft\Windows NT\CurrentVersion\Winlogon\,SCRemoveOption,REG_SZ,1,,1,N,CCI-000366,AC.L2-3.1.10,Primary=Script 02,
WN11-SO-000100,CAT II,APPLIES,registry,machine,HKEY_LOCAL_MACHINE,\SYSTEM\CurrentControlSet\Services\LanmanWorkstation\Parameters\,RequireSecuritySignature,REG_DWORD,1,,1,N,CCI-002418,SC.L2-3.13.8,Primary=SCC,
WN11-SO-000110,CAT II,APPLIES,registry,machine,HKEY_LOCAL_MACHINE,\SYSTEM\CurrentControlSet\Services\LanmanWorkstation\Parameters\,EnablePlainTextPassword,REG_DWORD,0,,0,N,CCI-000197,IA.L2-3.5.10,Primary=SCC,
WN11-SO-000120,CAT II,APPLIES,registry,machine,HKEY_LOCAL_MACHINE,\SYSTEM\CurrentControlSet\Services\LanManServer\Parameters\,RequireSecuritySignature,REG_DWORD,1,,1,N,CCI-002418,SC.L2-3.13.8,Primary=SCC,
WN11-SO-000140,CAT I,APPLIES,secpol,machine,,,,SECPOL,Disabled,,Disabled,N,CCI-000366,AC.L2-3.1.5,Primary=Script 15/16,
WN11-SO-000145,CAT I,APPLIES,registry,machine,HKEY_LOCAL_MACHINE,\SYSTEM\CurrentControlSet\Control\Lsa\,RestrictAnonymousSAM,REG_DWORD,1,,1,N,CCI-000366,AC.L2-3.1.5,Primary=Script 15/16,
WN11-SO-000150,CAT I,APPLIES,registry,machine,HKEY_LOCAL_MACHINE,\SYSTEM\CurrentControlSet\Control\Lsa\,RestrictAnonymous,REG_DWORD,1,,1,N,CCI-001090,AC.L2-3.1.5,Primary=Script 15/16,
WN11-SO-000160,CAT II,APPLIES,registry,machine,HKEY_LOCAL_MACHINE,\SYSTEM\CurrentControlSet\Control\Lsa\,EveryoneIncludesAnonymous,REG_DWORD,0,,0,N,CCI-000366,AC.L2-3.1.5,Primary=Script 15/16,
WN11-SO-000165,CAT I,APPLIES,registry,machine,HKEY_LOCAL_MACHINE,\SYSTEM\CurrentControlSet\Services\LanManServer\Parameters\,RestrictNullSessAccess,REG_DWORD,1,,1,N,CCI-001090,AC.L2-3.1.5,Primary=Script 15/16,
WN11-SO-000167,CAT II,APPLIES,registry,machine,HKEY_LOCAL_MACHINE,\SYSTEM\CurrentControlSet\Control\Lsa\,RestrictRemoteSAM,REG_SZ,O:BAG:BAD:(A;;RC;;;BA),,O:BAG:BAD:(A;;RC;;;BA),N,CCI-002235,AC.L2-3.1.5,Primary=SCC,
WN11-SO-000180,CAT II,APPLIES,registry,machine,HKEY_LOCAL_MACHINE,\SYSTEM\CurrentControlSet\Control\LSA\MSV1_0\,allownullsessionfallback,REG_DWORD,0,,0,N,CCI-000366,IA.L2-3.5.4,Primary=Script 15/16,
WN11-SO-000185,CAT II,APPLIES,registry,machine,HKEY_LOCAL_MACHINE,\SYSTEM\CurrentControlSet\Control\LSA\pku2u\,AllowOnlineID,REG_DWORD,0,,0,N,CCI-000366,CM.L2-3.4.2,Primary=SCC,
WN11-SO-000190,CAT II,APPLIES,registry,machine,HKEY_LOCAL_MACHINE,\SOFTWARE\Microsoft\Windows\CurrentVersion\Policies\System\Kerberos\Parameters\,SupportedEncryptionTypes,REG_DWORD,2147483640,,2147483640,N,CCI-000803,CM.L2-3.4.2,Primary=SCC,
WN11-SO-000195,CAT I,APPLIES,registry,machine,HKEY_LOCAL_MACHINE,\SYSTEM\CurrentControlSet\Control\Lsa\,NoLMHash,REG_DWORD,1,,1,N,CCI-004062;CCI-000196,IA.L2-3.5.10,Primary=Script 15/16,
WN11-SO-000205,CAT I,APPLIES,registry,machine,HKEY_LOCAL_MACHINE,\SYSTEM\CurrentControlSet\Control\Lsa\,LmCompatibilityLevel,REG_DWORD,5,,5,N,CCI-000366,IA.L2-3.5.4,Primary=Script 15/16,
WN11-SO-000210,CAT II,APPLIES,registry,machine,HKEY_LOCAL_MACHINE,\SYSTEM\CurrentControlSet\Services\LDAP\,LDAPClientIntegrity,REG_DWORD,1,,1,N,CCI-000366,CM.L2-3.4.2,Primary=SCC,
WN11-SO-000215,CAT II,APPLIES,registry,machine,HKEY_LOCAL_MACHINE,\SYSTEM\CurrentControlSet\Control\Lsa\MSV1_0\,NTLMMinClientSec,REG_DWORD,537395200,,537395200,N,CCI-000366,SC.L2-3.13.8,Primary=SCC,
WN11-SO-000220,CAT II,APPLIES,registry,machine,HKEY_LOCAL_MACHINE,\SYSTEM\CurrentControlSet\Control\Lsa\MSV1_0\,NTLMMinServerSec,REG_DWORD,537395200,,537395200,N,CCI-000366,SC.L2-3.13.8,Primary=SCC,
WN11-SO-000230,CAT II,APPLIES,registry,machine,HKEY_LOCAL_MACHINE,\SYSTEM\CurrentControlSet\Control\Lsa\FIPSAlgorithmPolicy\,Enabled,REG_DWORD,1,,1,Y,CCI-002450,SC.L2-3.13.11,Primary=Script 06,
WN11-SO-000240,CAT III,APPLIES,registry,machine,HKEY_LOCAL_MACHINE,\SYSTEM\CurrentControlSet\Control\Session Manager\,ProtectionMode,REG_DWORD,1,,1,N,CCI-000366,CM.L2-3.4.2,Primary=SCC,
WN11-SO-000245,CAT II,APPLIES,registry,machine,HKEY_LOCAL_MACHINE,\SOFTWARE\Microsoft\Windows\CurrentVersion\Policies\System\,FilterAdministratorToken,REG_DWORD,1,,1,N,CCI-002038,AC.L2-3.1.5,Primary=Script 15/16,
WN11-SO-000250,CAT II,APPLIES,registry,machine,HKEY_LOCAL_MACHINE,\SOFTWARE\Microsoft\Windows\CurrentVersion\Policies\System\,ConsentPromptBehaviorAdmin,REG_DWORD,2,,2,N,CCI-001084,AC.L2-3.1.6,Primary=SCC,
WN11-SO-000251,CAT II,NA*,NA,machine,,,,,,,,N,CCI-000765,SC.L2-3.13.11,Primary=SCC,
WN11-SO-000255,CAT II,APPLIES,registry,machine,HKEY_LOCAL_MACHINE,\SOFTWARE\Microsoft\Windows\CurrentVersion\Policies\System\,ConsentPromptBehaviorUser,REG_DWORD,0,,0,N,CCI-002038,AC.L2-3.1.7,Primary=Script 15/16,
WN11-SO-000260,CAT II,APPLIES,registry,machine,HKEY_LOCAL_MACHINE,\SOFTWARE\Microsoft\Windows\CurrentVersion\Policies\System\,EnableInstallerDetection,REG_DWORD,1,,1,N,CCI-001084,CM.L2-3.4.9,Primary=Script 15/16,
WN11-SO-000265,CAT II,APPLIES,registry,machine,HKEY_LOCAL_MACHINE,\SOFTWARE\Microsoft\Windows\CurrentVersion\Policies\System\,EnableSecureUIAPaths,REG_DWORD,1,,1,N,CCI-001084,CM.L2-3.4.2,Primary=SCC,
WN11-SO-000270,CAT II,APPLIES,registry,machine,HKEY_LOCAL_MACHINE,\SOFTWARE\Microsoft\Windows\CurrentVersion\Policies\System\,EnableLUA,REG_DWORD,1,,1,Y,CCI-002038,AC.L2-3.1.5,Primary=Script 15/16,
WN11-SO-000275,CAT II,APPLIES,registry,machine,HKEY_LOCAL_MACHINE,\SOFTWARE\Microsoft\Windows\CurrentVersion\Policies\System\,EnableVirtualization,REG_DWORD,1,,1,N,CCI-001084,CM.L2-3.4.2,Primary=SCC,
WN11-SO-000280,CAT II,NA,NA,machine,,,,,,,N/A,N,CCI-004066;CCI-000199,IA.L2-3.5.7,NA(조직의 정책),
WN11-UC-000015,CAT III,APPLIES,registry,user,HKEY_CURRENT_USER,\SOFTWARE\Policies\Microsoft\Windows\CurrentVersion\PushNotifications\,NoToastApplicationNotificationOnLockScreen,REG_DWORD,1,,1,N,CCI-000381,CM.L2-3.4.2,Primary=SCC,
WN11-UC-000020,CAT II,APPLIES,registry,user,HKEY_CURRENT_USER,\SOFTWARE\Microsoft\Windows\CurrentVersion\Policies\Attachments\,SaveZoneInformation,REG_DWORD,2,,2,N,CCI-000366,CM.L2-3.4.2,Primary=SCC,
WN11-UR-000005,CAT II,APPLIES,secpol,machine,,,,USER_RIGHT,,,,N,CCI-002235,AC.L2-3.1.5,Primary=Manual/secpol + SCC | SCC-primary; offline manual review,
WN11-UR-000010,CAT II,APPLIES,secpol,machine,,,,USER_RIGHT,Administrators; Remote Desktop Users,,Administrators; Remote Desktop Users,N,CCI-000213,AC.L2-3.1.5,Primary=Script 15/16,
WN11-UR-000015,CAT I,APPLIES,secpol,machine,,,,USER_RIGHT,,,,N,CCI-002235,AC.L2-3.1.5,Primary=Manual/secpol + SCC | SCC-primary; offline manual review,
WN11-UR-000025,CAT II,APPLIES,secpol,machine,,,,USER_RIGHT,,,,N,CCI-000213,AC.L2-3.1.5,Primary=Manual/secpol + SCC | SCC-primary; offline manual review,
WN11-UR-000030,CAT II,APPLIES,secpol,machine,,,,USER_RIGHT,,,,N,CCI-002235,AC.L2-3.1.5,Primary=Manual/secpol + SCC | SCC-primary; offline manual review,
WN11-UR-000035,CAT II,APPLIES,secpol,machine,,,,USER_RIGHT,,,,N,CCI-002235,AC.L2-3.1.5,Primary=Manual/secpol + SCC | SCC-primary; offline manual review,
WN11-UR-000040,CAT II,APPLIES,secpol,machine,,,,USER_RIGHT,,,,N,CCI-002235,AC.L2-3.1.5,Primary=Manual/secpol + SCC | SCC-primary; offline manual review,
WN11-UR-000045,CAT I,APPLIES,secpol,machine,,,,USER_RIGHT,,,,N,CCI-002235,AC.L2-3.1.5,Primary=Manual/secpol + SCC | SCC-primary; offline manual review,
WN11-UR-000050,CAT II,APPLIES,secpol,machine,,,,USER_RIGHT,,,,N,CCI-002235,AC.L2-3.1.5,Primary=Manual/secpol + SCC | SCC-primary; offline manual review,
WN11-UR-000055,CAT II,APPLIES,secpol,machine,,,,USER_RIGHT,,,,N,CCI-002235,AC.L2-3.1.5,Primary=Manual/secpol + SCC | SCC-primary; offline manual review,
WN11-UR-000060,CAT II,APPLIES,secpol,machine,,,,USER_RIGHT,Administrators,,Administrators,N,CCI-002235,AC.L2-3.1.5,Primary=Manual/secpol + SCC,
WN11-UR-000065,CAT I,APPLIES,secpol,machine,,,,USER_RIGHT,,,,N,CCI-002235,AC.L2-3.1.5,Primary=Manual/secpol + SCC | SCC-primary; offline manual review,
WN11-UR-000070,CAT II,APPLIES,secpol,machine,,,,USER_RIGHT,,,,N,CCI-000213,AC.L2-3.1.5,Primary=Manual/secpol + SCC | SCC-primary; offline manual review,
WN11-UR-000075,CAT II,NA,NA,machine,,,,,,,,N,CCI-000213,AC.L2-3.1.5,Primary=N/A (workgroup),
WN11-UR-000080,CAT II,NA,NA,machine,,,,,,,,N,CCI-000213,AC.L2-3.1.5,Primary=N/A (workgroup),
WN11-UR-000085,CAT II,APPLIES,secpol,machine,,,,USER_RIGHT,,,,N,CCI-000213,AC.L2-3.1.5,Primary=Manual/secpol + SCC | SCC-primary; offline manual review,
WN11-UR-000090,CAT II,APPLIES,covered-elsewhere,machine,,,,USER_RIGHT,,,covered,N,CCI-000213;CCI-002314,AC.L2-3.1.12,"covered-elsewhere: ORG-RDP-DENY(fDenyTSConnections=1, RDP 전면차단)",
WN11-UR-000095,CAT II,APPLIES,secpol,machine,,,,USER_RIGHT,,,,N,CCI-002235,AC.L2-3.1.5,Primary=Manual/secpol + SCC | SCC-primary; offline manual review,
WN11-UR-000100,CAT II,APPLIES,secpol,machine,,,,USER_RIGHT,,,,N,CCI-002235,AC.L2-3.1.5,Primary=Manual/secpol + SCC | SCC-primary; offline manual review,
WN11-UR-000110,CAT II,APPLIES,secpol,machine,,,,USER_RIGHT,,,,N,CCI-002235,AC.L2-3.1.5,Primary=Manual/secpol + SCC | SCC-primary; offline manual review,
WN11-UR-000120,CAT II,APPLIES,secpol,machine,,,,USER_RIGHT,,,,N,CCI-002235,AC.L2-3.1.5,Primary=Manual/secpol + SCC | SCC-primary; offline manual review,
WN11-UR-000125,CAT II,APPLIES,secpol,machine,,,,USER_RIGHT,,,,N,CCI-002235,AC.L2-3.1.5,Primary=Manual/secpol + SCC | SCC-primary; offline manual review,
WN11-UR-000130,CAT II,APPLIES,secpol,machine,,,,USER_RIGHT,Administrators,,Administrators,N,CCI-000162;CCI-000171,AU.L2-3.3.1,Primary=Manual/secpol + SCC,
WN11-UR-000140,CAT II,APPLIES,manual-bios,machine,,,,,,,,N,CCI-002235,AC.L2-3.1.5,Primary=BIOS/Manual,
WN11-UR-000145,CAT II,APPLIES,secpol,machine,,,,USER_RIGHT,,,,N,CCI-002235,AC.L2-3.1.5,Primary=Manual/secpol + SCC | SCC-primary; offline manual review,
WN11-UR-000150,CAT II,APPLIES,secpol,machine,,,,USER_RIGHT,,,,N,CCI-002235,AC.L2-3.1.5,Primary=Manual/secpol + SCC | SCC-primary; offline manual review,
WN11-UR-000160,CAT II,APPLIES,secpol,machine,,,,USER_RIGHT,,,,N,CCI-002235,AC.L2-3.1.5,Primary=Manual/secpol + SCC | SCC-primary; offline manual review,
WN11-UR-000165,CAT II,APPLIES,secpol,machine,,,,USER_RIGHT,,,,N,CCI-002235,AC.L2-3.1.5,Primary=Manual/secpol + SCC | SCC-primary; offline manual review,
ORG-RDP-DENY,—,APPLIES,registry,machine,HKEY_LOCAL_MACHINE,\SOFTWARE\Policies\Microsoft\Windows NT\Terminal Services,fDenyTSConnections,REG_DWORD,,1,1,N,—,AC.L2-3.1.12,"ORG: RDP fully denied (air-gap, exceeds STIG) | Primary=Script 15/16 (Org)",
ORG-BIOS-PW,—,APPLIES,manual-bios,machine,,,,,,,set,N,—,IA.L2-3.5.3,ORG: BIOS/UEFI setup password (BIOS_Boot_Checklist) | Primary=BIOS/Manual,
ORG-BIOS-BOOT,—,APPLIES,manual-bios,machine,,,,,,,disabled,N,—,IA.L2-3.5.3,ORG: ext/USB/PXE boot disabled; boot order locked | Primary=BIOS/Manual,
ORG-BIOS-SB,—,APPLIES,manual-bios,machine,,,,,,,,N,—,SC.L2-3.13.16,Primary=BIOS/Manual,
ORG-BIOS-TPM,—,APPLIES,manual-bios,machine,,,,,,,,N,—,SC.L2-3.13.16,Primary=Script 07 + BIOS/Manual,
ORG-MFA-HWKEY,—,APPLIES,risk-accepted,machine,,,,,,,required,N,—,IA.L2-3.5.3,ORG: MFA; verify Script 17 (not auto-enforced) | Primary=Script 17 (Check) + Manual,
